{
  "project_info": {
    "project_number": "466538217608",
    "project_id": "taxiapp-8aecb",
    "storage_bucket": "taxiapp-8aecb.firebasestorage.app"
  },
  "client": [
    {
      "client_info": {
        "mobilesdk_app_id": "1:466538217608:android:6af416666e4f9dbeeadf3d",
        "android_client_info": {
          "package_name": "com.example.taxi"
        }
      },
      "oauth_client": [],
      "api_key": [
        {
          "current_key": "AIzaSyBjqn8HwJZXpMxmGLFwQGo_AaasHrZO9sg"
        }
      ],
      "services": {
        "appinvite_service": {
          "other_platform_oauth_client": []
        }
      }
    }
  ],
  "configuration_version": "1"
}